{"count":1,"self":47.7664736,"total":47.930161999999996,"children":{"InitializeActuators":{"count":1,"self":0.00108,"total":0.00108,"children":null},"InitializeSensors":{"count":1,"self":0.0010819999999999998,"total":0.0010819999999999998,"children":null},"AgentSendState":{"count":2347,"self":0.020974,"total":0.064684999999999993,"children":{"CollectObservations":{"count":120,"self":0.029647999999999997,"total":0.029647999999999997,"children":null},"WriteActionMask":{"count":120,"self":0.0047399999999999994,"total":0.0047399999999999994,"children":null},"RequestDecision":{"count":120,"self":0.009323,"total":0.009323,"children":null}}},"DecideAction":{"count":2347,"self":0.08813399999999999,"total":0.08813399999999999,"children":null},"AgentAct":{"count":2347,"self":0.0079309999999999988,"total":0.0079309999999999988,"children":null}},"gauges":{},"metadata":{"timer_format_version":"0.1.0","start_time_seconds":"1776678997","unity_version":"6000.0.69f1","command_line_arguments":"\/home\/a24judsarand\/Unity\/Hub\/Editor\/6000.0.69f1\/Editor\/Unity -projectpath \/home\/a24judsarand\/Desktop\/tr3-joc-juditsarrat\/BomberMan_PROJ3 -acceptSoftwareTermsForThisRunOnly -useHub -hubIPC -cloudEnvironment production","communication_protocol_version":"1.5.0","com.unity.ml-agents_version":"4.0.2","scene_name":"MenuPrincipal","end_time_seconds":"1776679045"}}